Workbook

Sheet Исходные данные
A1: ДЗ № 1. Проектирование конструкции скважины. Вариант 2
A2: Жёлтые ячейки — исходные данные; все остальные листы считаются от них
A4: Параметр | B4: Значение | C4: Примечание
A5: Назначение скважины | B5: газовая | C5: вариант 2 (№ 2 по журналу)
A6: Глубина скважины H, м | B6: 2400
A7: Диаметр эксплуатационной колонны, мм | B7: 127 | C7: задан
A8: Неустойчивые породы до глубины, м | B8: 500 | C8: склонны к поглощениям
A9: g, м/с² | B9: 9.81
A10: ρв, кг/м³ | B10: 1000 | C10: плотность воды
A11: Ks при z ≤ 1200 м | B11: 1.1 | C11: ПБ, п. 2.7.3.3
A12: Ks при z > 1200 м | B12: 1.05 | C12: ПБ, п. 2.7.3.3
A13: Граница смены Ks, м | B13: 1200
A14: Подъём цемента над башмаком пред. ОК, м | B14: 500 | C14: газовая скв., ПБ п. 2.7.4.11
A15: Зазор δ долото – внутр. стенка ОК, мм | B15: 5 | C15: принят из диапазона 5–10 мм
A17: Геологический разрез
A18: Порода | B18: Кровля, м | C18: Подошва, м | D18: Pпл, МПа | E18: Pпогл, МПа
A19: пески и галечники, мергели | B19: 0 | C19: 900 | D19: 9 | E19: 11.7
A20: алевролиты | B20: 900 | C20: 1100 | D20: 8.8 | E20: 15.4
A21: известняк | B21: 1100 | C21: 2100 | D21: 27.3 | E21: 33.6
A22: песчаник | B22: 2100 | C22: 2400 | D22: 33.6 | E22: 40.8
A23: Давления отнесены к подошве интервала.

Sheet Давления
A1: 1. Индексы давлений и относительная плотность бурового раствора
A2: KF = Pпл/(ρв·g·z); KFR = Pпогл/(ρв·g·z); ρR = Ks·KF; ρб.р. = ρR·ρв
A4: Порода | B4: z₁, м | C4: z₂, м | D4: Pпл, МПа | E4: Pпогл, МПа | F4: KF | G4: KFR | H4: Ks | I4: ρR | J4: ρб.р., кг/м³
A5: ='Исходные данные'!A19 | B5: ='Исходные данные'!B19 | C5: ='Исходные данные'!C19 | D5: ='Исходные данные'!D19 | E5: ='Исходные данные'!E19 | F5: =D5*10^6/('Исходные данные'!$B$10*'Исходные данные'!$B$9*'Исходные данные'!C19) | G5: =E5*10^6/('Исходные данные'!$B$10*'Исходные данные'!$B$9*'Исходные данные'!C19) | H5: =IF(C5<='Исходные данные'!$B$13,'Исходные данные'!$B$11,'Исходные данные'!$B$12) | I5: =H5*F5 | J5: =I5*'Исходные данные'!$B$10
A6: ='Исходные данные'!A20 | B6: ='Исходные данные'!B20 | C6: ='Исходные данные'!C20 | D6: ='Исходные данные'!D20 | E6: ='Исходные данные'!E20 | F6: =D6*10^6/('Исходные данные'!$B$10*'Исходные данные'!$B$9*'Исходные данные'!C20) | G6: =E6*10^6/('Исходные данные'!$B$10*'Исходные данные'!$B$9*'Исходные данные'!C20) | H6: =IF(C6<='Исходные данные'!$B$13,'Исходные данные'!$B$11,'Исходные данные'!$B$12) | I6: =H6*F6 | J6: =I6*'Исходные данные'!$B$10
A7: ='Исходные данные'!A21 | B7: ='Исходные данные'!B21 | C7: ='Исходные данные'!$B$13 | D7: ='Исходные данные'!D21 | E7: ='Исходные данные'!E21 | F7: =D7*10^6/('Исходные данные'!$B$10*'Исходные данные'!$B$9*'Исходные данные'!C21) | G7: =E7*10^6/('Исходные данные'!$B$10*'Исходные данные'!$B$9*'Исходные данные'!C21) | H7: =IF(C7<='Исходные данные'!$B$13,'Исходные данные'!$B$11,'Исходные данные'!$B$12) | I7: =H7*F7 | J7: =I7*'Исходные данные'!$B$10
A8: ='Исходные данные'!A21 | B8: ='Исходные данные'!$B$13 | C8: ='Исходные данные'!C21 | D8: ='Исходные данные'!D21 | E8: ='Исходные данные'!E21 | F8: =D8*10^6/('Исходные данные'!$B$10*'Исходные данные'!$B$9*'Исходные данные'!C21) | G8: =E8*10^6/('Исходные данные'!$B$10*'Исходные данные'!$B$9*'Исходные данные'!C21) | H8: =IF(C8<='Исходные данные'!$B$13,'Исходные данные'!$B$11,'Исходные данные'!$B$12) | I8: =H8*F8 | J8: =I8*'Исходные данные'!$B$10
A9: ='Исходные данные'!A22 | B9: ='Исходные данные'!B22 | C9: ='Исходные данные'!C22 | D9: ='Исходные данные'!D22 | E9: ='Исходные данные'!E22 | F9: =D9*10^6/('Исходные данные'!$B$10*'Исходные данные'!$B$9*'Исходные данные'!C22) | G9: =E9*10^6/('Исходные данные'!$B$10*'Исходные данные'!$B$9*'Исходные данные'!C22) | H9: =IF(C9<='Исходные данные'!$B$13,'Исходные данные'!$B$11,'Исходные данные'!$B$12) | I9: =H9*F9 | J9: =I9*'Исходные данные'!$B$10
A10: Известняк (1100–2100 м) разделён на 1100–1200 и 1200–2100 м из-за смены Ks; KF и KFR в пласте постоянны.
A12: 2. Совместимость условий бурения (весь открытый ствол — одна плотность раствора)
A13: Интервал бурения | B13: от, м | C13: до, м | D13: ρR прин. | E13: KF max | F13: KFR min | G13: Вывод
A14: под кондуктор | B14: =0 | C14: ='Конструкция'!C6 | D14: =I5 | E14: =F5 | F14: =G5 | G14: =IF(AND(E14<D14,D14<F14),"совместимы","несовместимы")
A15: под промежуточную ОК | B15: ='Конструкция'!C6 | C15: ='Конструкция'!D6 | D15: =MAX(I5:I6) | E15: =MAX(F5:F6) | F15: =MIN(G5:G6) | G15: =IF(AND(E15<D15,D15<F15),"совместимы","несовместимы")
A16: под эксплуатационную ОК | B16: ='Конструкция'!D6 | C16: ='Конструкция'!E6 | D16: =MAX(I7:I9) | E16: =MAX(F7:F9) | F16: =MIN(G7:G9) | G16: =IF(AND(E16<D16,D16<F16),"совместимы","несовместимы")
A18: Можно ли вскрыть известняк, не перекрыв интервал 0–1100 м?
A19: ρR, нужная для 1100–2400 м | B19: =D16
A20: KFR min выше 1100 м | B20: =MIN(G5:G6)
A21: ρR, допустимая выше 1100 м | B21: =D15
A22: KF известняка | B22: =F7
A23: Ответ | B23: =IF(OR(B19>=B20,B21<=B22),"нет — поглощение выше 1100 м / ГНВП в известняке; нужна промежуточная колонна до 1100 м","да")

Sheet График
A1: Совмещённый график давлений
A2: Данные ступенчатых линий (ссылки на лист «Давления»)
A4: KF | B4: z | C4: KFR | D4: z | E4: ρR | F4: z | G4: ρR прин. | H4: z
A5: =Давления!F5 | B5: =Давления!B5 | C5: =Давления!G5 | D5: =Давления!B5 | E5: =Давления!I5 | F5: =Давления!B5 | G5: =Давления!D14 | H5: =Давления!B14
A6: =Давления!F5 | B6: =Давления!C5 | C6: =Давления!G5 | D6: =Давления!C5 | E6: =Давления!I5 | F6: =Давления!C5 | G6: =Давления!D14 | H6: =Давления!C14
A7: =Давления!F6 | B7: =Давления!B6 | C7: =Давления!G6 | D7: =Давления!B6 | E7: =Давления!I6 | F7: =Давления!B6 | G7: =Давления!D15 | H7: =Давления!B15
A8: =Давления!F6 | B8: =Давления!C6 | C8: =Давления!G6 | D8: =Давления!C6 | E8: =Давления!I6 | F8: =Давления!C6 | G8: =Давления!D15 | H8: =Давления!C15
A9: =Давления!F7 | B9: =Давления!B7 | C9: =Давления!G7 | D9: =Давления!B7 | E9: =Давления!I7 | F9: =Давления!B7 | G9: =Давления!D16 | H9: =Давления!B16
A10: =Давления!F7 | B10: =Давления!C8 | C10: =Давления!G7 | D10: =Давления!C8 | E10: =Давления!I7 | F10: =Давления!C7 | G10: =Давления!D16 | H10: =Давления!C16
A11: =Давления!F9 | B11: =Давления!B9 | C11: =Давления!G9 | D11: =Давления!B9 | E11: =Давления!I8 | F11: =Давления!B8
A12: =Давления!F9 | B12: =Давления!C9 | C12: =Давления!G9 | D12: =Давления!C9 | E12: =Давления!I8 | F12: =Давления!C8
E13: =Давления!I9 | F13: =Давления!B9
E14: =Давления!I9 | F14: =Давления!C9

Sheet Конструкция
A1: 3. Конструкция скважины: колонны, цементирование, диаметры
A2: Диаметры — снизу вверх: DB = dм + 2Δ → долото ГОСТ 20692 ≥ DB; d пред. ОК ≥ DB + 2δ → ОК ГОСТ 632-80
A5: Показатель | B5: обозн. | C5: Кондуктор | D5: Промежуточная | E5: Эксплуатационная
A6: Глубина спуска (башмак), м | B6: L | C6: ='Исходные данные'!$B$8+10 | D6: ='Исходные данные'!C20 | E6: ='Исходные данные'!$B$6
A7: Кровля цемента (расчёт: башмак пред. ОК − 500 м), м | B7: H расч | C7: до устья | D7: =C6-'Исходные данные'!$B$14 | E7: =D6-'Исходные данные'!$B$14
A8: Кровля цемента принятая, м | B8: H | C8: 0 | D8: =IF(D7<50,0,D7) | E8: =IF(E7<50,0,E7)
A9: Требуемый внутренний диаметр d ≥ DB(ниже) + 2δ, мм | B9: d min | C9: =D17+2*'Исходные данные'!$B$15 | D9: =E17+2*'Исходные данные'!$B$15 | E9: —
A10: Наружный диаметр ОК, мм | B10: D | C10: {=MIN(IF('Справочник ГОСТ'!$D$5:$D$78>=C9,'Справочник ГОСТ'!$B$5:$B$78))} | D10: {=MIN(IF('Справочник ГОСТ'!$D$5:$D$78>=D9,'Справочник ГОСТ'!$B$5:$B$78))} | E10: ='Исходные данные'!$B$7
A11: Условный диаметр, мм | B11: Dусл | C11: =INDEX('Справочник ГОСТ'!$A$5:$A$78,MATCH(C10,'Справочник ГОСТ'!$B$5:$B$78,0)) | D11: =INDEX('Справочник ГОСТ'!$A$5:$A$78,MATCH(D10,'Справочник ГОСТ'!$B$5:$B$78,0)) | E11: =INDEX('Справочник ГОСТ'!$A$5:$A$78,MATCH(E10,'Справочник ГОСТ'!$B$5:$B$78,0))
A12: Толщина стенки (предварительно), мм | B12: s | C12: 8.9 | D12: 10.9 | E12: по расчёту на прочность
A13: Внутренний диаметр, мм | B13: d | C13: =SUMIFS('Справочник ГОСТ'!$D$5:$D$78,'Справочник ГОСТ'!$B$5:$B$78,C10,'Справочник ГОСТ'!$C$5:$C$78,C12) | D13: =SUMIFS('Справочник ГОСТ'!$D$5:$D$78,'Справочник ГОСТ'!$B$5:$B$78,D10,'Справочник ГОСТ'!$C$5:$C$78,D12) | E13: —
A14: Диаметр муфты ОТТМ, мм | B14: dм | C14: =INDEX('Справочник ГОСТ'!$E$5:$E$78,MATCH(C10,'Справочник ГОСТ'!$B$5:$B$78,0)) | D14: =INDEX('Справочник ГОСТ'!$E$5:$E$78,MATCH(D10,'Справочник ГОСТ'!$B$5:$B$78,0)) | E14: =INDEX('Справочник ГОСТ'!$E$5:$E$78,MATCH(E10,'Справочник ГОСТ'!$B$5:$B$78,0))
A15: Радиальный зазор муфта–стенка, мм | B15: Δ | C15: {=MIN(IF('Справочник ГОСТ'!$I$5:$I$9>=C11,'Справочник ГОСТ'!$J$5:$J$9))} | D15: {=MIN(IF('Справочник ГОСТ'!$I$5:$I$9>=D11,'Справочник ГОСТ'!$J$5:$J$9))} | E15: {=MIN(IF('Справочник ГОСТ'!$I$5:$I$9>=E11,'Справочник ГОСТ'!$J$5:$J$9))}
A16: Расчётный диаметр долота, мм | B16: DB расч | C16: =C14+2*C15 | D16: =D14+2*D15 | E16: =E14+2*E15
A17: Диаметр долота по ГОСТ 20692, мм | B17: DB | C17: {=MIN(IF('Справочник ГОСТ'!$G$5:$G$46>=C16,'Справочник ГОСТ'!$G$5:$G$46))} | D17: {=MIN(IF('Справочник ГОСТ'!$G$5:$G$46>=D16,'Справочник ГОСТ'!$G$5:$G$46))} | E17: {=MIN(IF('Справочник ГОСТ'!$G$5:$G$46>=E16,'Справочник ГОСТ'!$G$5:$G$46))}
A18: Зазор долота ниже лежащего интервала в этой ОК, мм | B18: δ факт | C18: =(C13-D17)/2 | D18: =(D13-E17)/2 | E18: —
A20: Обоснование
A21: 1) Кондуктор: перекрывает неустойчивые породы, склонные к поглощениям (0–500 м); башмак на 10 м ниже, цемент до устья.
A22: 2) Промежуточная: интервал 0–1100 м несовместим с известняком с АВПД (нужна ρR = 1,50 > KFR = 1,33 и 1,43 выше; ρR = 1,12 < KF = 1,33 известняка). Башмак — в подошве алевролитов. Расчётная кровля цемента 10 м → цементируем до устья.
A23: 3) Эксплуатационная: до проектной глубины; кровля цемента 600 м (500 м над башмаком промежуточной).
A24: 4) Кондуктор 273,1 мм: подходит только толщина 8,9 мм (d = 255,3 ≥ 254,5 мм); ОК 244,5 мм не проходит (d max = 228,7 мм).

Sheet Сравнение методик
A1: 4. Зарубежная методика (схема подбора, семинар 1, стр. 17) и сравнение
A2: Цепочка от 5": 6 1/8" (уменьш. зазор) → 7 5/8" → 9 1/2" → 10 3/4" → 12 1/4" (уменьш. зазор)
A4: Колонна | B4: ОК, дюйм | C4: ОК, мм | D4: долото, дюйм | E4: долото, мм | F4: ОК (РФ), мм | G4: долото (РФ), мм | H4: Δ факт., мм | I4: Δ норм., мм | J4: тип зазора
A5: Эксплуатационная | B5: 5" | C5: 127 | D5: 6 1/8" | E5: 155.6 | F5: =Конструкция!E10 | G5: =Конструкция!E17 | H5: =(E5-INDEX('Справочник ГОСТ'!$E$5:$E$78,MATCH(C5,'Справочник ГОСТ'!$B$5:$B$78,0)))/2 | I5: =Конструкция!E15 | J5: уменьшенный
A6: Промежуточная | B6: 7 5/8" | C6: 193.7 | D6: 9 1/2" | E6: 241.3 | F6: =Конструкция!D10 | G6: =Конструкция!D17 | H6: =(E6-INDEX('Справочник ГОСТ'!$E$5:$E$78,MATCH(C6,'Справочник ГОСТ'!$B$5:$B$78,0)))/2 | I6: =Конструкция!D15 | J6: стандартный
A7: Кондуктор | B7: 10 3/4" | C7: 273.1 | D7: 12 1/4" | E7: 311.2 | F7: =Конструкция!C10 | G7: =Конструкция!C17 | H7: =(E7-INDEX('Справочник ГОСТ'!$E$5:$E$78,MATCH(C7,'Справочник ГОСТ'!$B$5:$B$78,0)))/2 | I7: =Конструкция!C15 | J7: уменьшенный
A9: Совпадают ли диаметры колонн? | F9: =IF(AND(C5=F5,C6=F6,C7=F7),"да — все три колонны одинаковые","нет")
A10: Разница диаметров долот (заруб. − РФ), мм: | F10: ="экспл.: "&FIXED(E5-G5,1)&"; пром.: "&FIXED(E6-G6,1)&"; конд.: "&FIXED(E7-G7,1)
A12: Вывод: обе методики дают одинаковые колонны 127,0 / 193,7 / 273,1 мм. Зарубежная схема допускает меньшие зазоры, поэтому долота меньше: 155,6 (нет в ГОСТ 20692) вместо 161,0; 241,3 вместо 244,5; 311,2 вместо 349,2 мм. Для 5" и 10 3/4" колонн схема даёт только вариант с уменьшенным зазором.

Sheet Справочник ГОСТ
A1: Справочные данные
A2: ГОСТ 632-80 (трубы ОТТМ), ГОСТ 20692-2003 (долота), зазоры Δ (семинар 1)
A4: Ø усл. | B4: D, мм | C4: s, мм | D4: d, мм | E4: Dн муфты | G4: Долото, мм | I4: Ø усл. до | J4: Δ, мм
A5: 114 | B5: 114.3 | C5: 6.4 | D5: 101.5 | E5: 127 | G5: 76 | I5: 127 | J5: 8
A6: 114 | B6: 114.3 | C6: 7.4 | D6: 99.5 | E6: 127 | G6: 93 | I6: 146 | J6: 10
A7: 114 | B7: 114.3 | C7: 8.6 | D7: 97.1 | E7: 127 | G7: 95.3 | I7: 245 | J7: 13
A8: 114 | B8: 114.3 | C8: 10.2 | D8: 93.9 | E8: 127 | G8: 98.4 | I8: 299 | J8: 18
A9: 127 | B9: 127 | C9: 6.4 | D9: 114.2 | E9: 141.3 | G9: 114.3 | I9: 426 | J9: 22
A10: 127 | B10: 127 | C10: 7.5 | D10: 112 | E10: 141.3 | G10: 117.5
A11: 127 | B11: 127 | C11: 9.2 | D11: 108.6 | E11: 141.3 | G11: 120.6
A12: 127 | B12: 127 | C12: 10.7 | D12: 105.6 | E12: 141.3 | G12: 127
A13: 140 | B13: 139.7 | C13: 6.2 | D13: 127.3 | E13: 153.7 | G13: 130.2
A14: 140 | B14: 139.7 | C14: 7 | D14: 125.7 | E14: 153.7 | G14: 132
A15: 140 | B15: 139.7 | C15: 7.7 | D15: 124.3 | E15: 153.7 | G15: 139.7
A16: 140 | B16: 139.7 | C16: 9.2 | D16: 121.3 | E16: 153.7 | G16: 146
A17: 140 | B17: 139.7 | C17: 10.5 | D17: 118.7 | E17: 153.7 | G17: 151
A18: 146 | B18: 146.1 | C18: 6.5 | D18: 133.1 | E18: 166 | G18: 161
A19: 146 | B19: 146.1 | C19: 7 | D19: 132.1 | E19: 166 | G19: 165.1
A20: 146 | B20: 146.1 | C20: 7.7 | D20: 130.7 | E20: 166 | G20: 171.4
A21: 146 | B21: 146.1 | C21: 8.5 | D21: 129.1 | E21: 166 | G21: 187.3
... A46: 219 | B46: 219.1 | C46: 11.4 | D46: 196.3 | E46: 244.5 | G46: 508
A47: 219 | B47: 219.1 | C47: 12.7 | D47: 193.7 | E47: 244.5
A48: 219 | B48: 219.1 | C48: 14.2 | D48: 190.7 | E48: 244.5
A49: 245 | B49: 244.5 | C49: 7.9 | D49: 228.7 | E49: 269.9
A50: 245 | B50: 244.5 | C50: 8.9 | D50: 226.7 | E50: 269.9
A51: 245 | B51: 244.5 | C51: 10 | D51: 224.5 | E51: 269.9
A52: 245 | B52: 244.5 | C52: 11.1 | D52: 222.3 | E52: 269.9
A53: 245 | B53: 244.5 | C53: 12 | D53: 220.5 | E53: 269.9
A54: 245 | B54: 244.5 | C54: 13.8 | D54: 216.9 | E54: 269.9
A55: 245 | B55: 244.5 | C55: 15.9 | D55: 212.7 | E55: 269.9
A56: 273 | B56: 273.1 | C56: 8.9 | D56: 255.3 | E56: 298.5
A57: 273 | B57: 273.1 | C57: 10.2 | D57: 252.7 | E57: 298.5
A58: 273 | B58: 273.1 | C58: 11.4 | D58: 250.3 | E58: 298.5
... A78: 340 | B78: 339.7 | C78: 15.4 | D78: 308.9 | E78: 365.1
