Workbook

Sheet 1_Исходные данные
B1: ДЗ-1. Проектирование конструкции скважины. Вариант 7
B3: Интервал залегания, м | D3: Порода | E3: Давление, МПа | H3: Параметр | I3: Значение | J3: Источник
B4: кровля | C4: подошва | E4: пластовое Pпл | F4: поглощения Pпогл | H4: Назначение скважины | I4: газовая
B5: 0 | C5: 800 | D5: алевролит | E5: 8 | F5: 9.6 | H5: Глубина скважины H, м | I5: 2100
B6: 800 | C6: 1000 | D6: глина голубая | E6: 8.8 | F6: 12.5 | H6: Диаметр эксплуатационной колонны, мм | I6: 114.3
B7: 1000 | C7: 1900 | D7: песчаник | E7: 23.8 | F7: 28.5 | H7: Неустойчивые породы до глубины, м | I7: 250
B8: 1900 | C8: 2100 | D8: известняк | E8: 27.3 | F8: 30.5 | H8: Ускорение свободного падения g, м/с² | I8: 9.81
B9: Давления отнесены к подошве интервала залегания. | H9: Плотность воды ρw, кг/м³ | I9: 1000
H10: Ks при z < 1200 м | I10: 1.1 | J10: ПБ п. 2.7.3.3
H11: Ks при z > 1200 м | I11: 1.05 | J11: ПБ п. 2.7.3.3
H12: Граница для Ks, м | I12: 1200
H13: Подъём цемента над башмаком пред. ОК (газ), м | I13: 500 | J13: ПБ п. 2.7.4.11
H14: Зазор δ (долото – внутр. стенка ОК), мм | I14: 5 | J14: δ = 5–10 мм
H15: Допустимая репрессия (скв. глубже 1200 м), МПа | I15: 2.5 | J15: ПБ п. 2.7.3.3: 2,5–3,0

Sheet 2_Индексы давлений
B1: Расчёт индексов давлений и относительной плотности бурового раствора
B2: KF = Pпл/(ρw·g·z); KFR = Pпогл/(ρw·g·z); ρR = Ks·KF; условие: KF < ρR < KFR
N3: Данные для графика совмещённых давлений
B4: кровля, м | C4: подошва, м | D4: порода | E4: Pпл, МПа | F4: Pпогл, МПа | G4: KF | H4: KFR | I4: Ks | J4: ρR | K4: ρб.р., кг/м³ | L4: KF<ρR<KFR | N4: KF | O4: z | P4: KFR | Q4: z | R4: ρR | S4: z | T4: ρR прин. | U4: z
B5: 0 | C5: 800 | D5: ='1_Исходные данные'!D5 | E5: ='1_Исходные данные'!E5 | F5: ='1_Исходные данные'!F5 | G5: =E5*10^6/('1_Исходные данные'!$I$9*'1_Исходные данные'!$I$8*'1_Исходные данные'!C5) | H5: =F5*10^6/('1_Исходные данные'!$I$9*'1_Исходные данные'!$I$8*'1_Исходные данные'!C5) | I5: =IF(C5<='1_Исходные данные'!$I$12,'1_Исходные данные'!$I$10,'1_Исходные данные'!$I$11) | J5: =I5*G5 | K5: =J5*'1_Исходные данные'!$I$9 | L5: =IF(AND(G5<J5,J5<H5),"выполняется","НЕ выполняется") | N5: =G5 | O5: =B5 | P5: =H5 | Q5: =B5 | R5: =J5 | S5: =B5 | T5: =E14 | U5: =B14
B6: 800 | C6: 1000 | D6: ='1_Исходные данные'!D6 | E6: ='1_Исходные данные'!E6 | F6: ='1_Исходные данные'!F6 | G6: =E6*10^6/('1_Исходные данные'!$I$9*'1_Исходные данные'!$I$8*'1_Исходные данные'!C6) | H6: =F6*10^6/('1_Исходные данные'!$I$9*'1_Исходные данные'!$I$8*'1_Исходные данные'!C6) | I6: =IF(C6<='1_Исходные данные'!$I$12,'1_Исходные данные'!$I$10,'1_Исходные данные'!$I$11) | J6: =I6*G6 | K6: =J6*'1_Исходные данные'!$I$9 | L6: =IF(AND(G6<J6,J6<H6),"выполняется","НЕ выполняется") | N6: =G5 | O6: =C5 | P6: =H5 | Q6: =C5 | R6: =J5 | S6: =C5 | T6: =E14 | U6: =C14
B7: 1000 | C7: 1200 | D7: ='1_Исходные данные'!D7 | E7: ='1_Исходные данные'!E7 | F7: ='1_Исходные данные'!F7 | G7: =E7*10^6/('1_Исходные данные'!$I$9*'1_Исходные данные'!$I$8*'1_Исходные данные'!C7) | H7: =F7*10^6/('1_Исходные данные'!$I$9*'1_Исходные данные'!$I$8*'1_Исходные данные'!C7) | I7: =IF(C7<='1_Исходные данные'!$I$12,'1_Исходные данные'!$I$10,'1_Исходные данные'!$I$11) | J7: =I7*G7 | K7: =J7*'1_Исходные данные'!$I$9 | L7: =IF(AND(G7<J7,J7<H7),"выполняется","НЕ выполняется") | N7: =G6 | O7: =B6 | P7: =H6 | Q7: =B6 | R7: =J6 | S7: =B6 | T7: =E15 | U7: =B15
B8: 1200 | C8: 1900 | D8: ='1_Исходные данные'!D7 | E8: ='1_Исходные данные'!E7 | F8: ='1_Исходные данные'!F7 | G8: =E8*10^6/('1_Исходные данные'!$I$9*'1_Исходные данные'!$I$8*'1_Исходные данные'!C7) | H8: =F8*10^6/('1_Исходные данные'!$I$9*'1_Исходные данные'!$I$8*'1_Исходные данные'!C7) | I8: =IF(C8<='1_Исходные данные'!$I$12,'1_Исходные данные'!$I$10,'1_Исходные данные'!$I$11) | J8: =I8*G8 | K8: =J8*'1_Исходные данные'!$I$9 | L8: =IF(AND(G8<J8,J8<H8),"выполняется","НЕ выполняется") | N8: =G6 | O8: =C6 | P8: =H6 | Q8: =C6 | R8: =J6 | S8: =C6 | T8: =E15 | U8: =C15
B9: 1900 | C9: 2100 | D9: ='1_Исходные данные'!D8 | E9: ='1_Исходные данные'!E8 | F9: ='1_Исходные данные'!F8 | G9: =E9*10^6/('1_Исходные данные'!$I$9*'1_Исходные данные'!$I$8*'1_Исходные данные'!C8) | H9: =F9*10^6/('1_Исходные данные'!$I$9*'1_Исходные данные'!$I$8*'1_Исходные данные'!C8) | I9: =IF(C9<='1_Исходные данные'!$I$12,'1_Исходные данные'!$I$10,'1_Исходные данные'!$I$11) | J9: =I9*G9 | K9: =J9*'1_Исходные данные'!$I$9 | L9: =IF(AND(G9<J9,J9<H9),"выполняется","НЕ выполняется") | N9: =G7 | O9: =B7 | P9: =H7 | Q9: =B7 | R9: =J7 | S9: =B7 | T9: =E16 | U9: =B16
B10: Песчаник (1000–1900 м) разбит границей 1200 м, т.к. Ks меняется с 1,1 на 1,05. KF и KFR внутри пласта постоянны (давления отнесены к подошве пласта, 1900 м). | N10: =G7 | O10: =C8 | P10: =H7 | Q10: =C8 | R10: =J7 | S10: =C7 | T10: =E16 | U10: =C16
N11: =G9 | O11: =B9 | P11: =H9 | Q11: =B9 | R11: =J8 | S11: =B8
B12: Совместимость условий бурения по интервалам открытого ствола | N12: =G9 | O12: =C9 | P12: =H9 | Q12: =C9 | R12: =J8 | S12: =C8
B13: кровля, м | C13: подошва, м | D13: интервал бурения | E13: ρR принятая = max ρR | F13: KF max | G13: KFR min | H13: ρб.р., кг/м³ | L13: совместимость | R13: =J9 | S13: =B9
B14: 0 | C14: ='3_Колонны'!D5 | D14: под кондуктор | E14: =J5 | F14: =G5 | G14: =H5 | H14: =E14*'1_Исходные данные'!$I$9 | L14: =IF(AND(F14<E14,E14<G14),"совместимы","НЕсовместимы") | R14: =J9 | S14: =C9
B15: ='3_Колонны'!D5 | C15: ='3_Колонны'!D6 | D15: под промежуточную ОК | E15: =MAX(J5:J6) | F15: =MAX(G5:G6) | G15: =MIN(H5:H6) | H15: =E15*'1_Исходные данные'!$I$9 | L15: =IF(AND(F15<E15,E15<G15),"совместимы","НЕсовместимы")
B16: ='3_Колонны'!D6 | C16: ='3_Колонны'!D7 | D16: под эксплуатационную ОК | E16: =MAX(J7:J9) | F16: =MAX(G7:G9) | G16: =MIN(H7:H9) | H16: =E16*'1_Исходные данные'!$I$9 | L16: =IF(AND(F16<E16,E16<G16),"совместимы","НЕсовместимы")
B18: Проверка необходимости промежуточной колонны (можно ли бурить 0–2100 м одним стволом)
B19: ρR, требуемая для 1000–2100 м | H19: =E16
B20: KFR min в интервале 0–1000 м | H20: =MIN(H5:H6)
B21: ρR, принятая для 0–1000 м | H21: =E15
B22: KF в песчанике (1000–1900 м) | H22: =G7
B23: Вывод | H23: =IF(OR(H19>=H20,H21<=H22),"несовместимы: интервал 0–1000 м перекрыть промежуточной колонной до вскрытия песчаника","совместимы")
B25: Проверка репрессии и отсутствия поглощения (на подошве каждого подынтервала, принятая ρR)
B26: z, м | C26: ρR принятая | D26: Pпл(z), МПа | E26: Pгс(z), МПа | F26: Pпогл(z), МПа | G26: ΔPрепр, МПа | H26: репрессия, % | I26: треб. ≥ % | J26: ΔP ≤ доп. | K26: Pгс < Pпогл | L26: итог
B27: =C5 | C27: =E14 | D27: =G5*'1_Исходные данные'!$I$9*'1_Исходные данные'!$I$8*B27/10^6 | E27: =C27*'1_Исходные данные'!$I$9*'1_Исходные данные'!$I$8*B27/10^6 | F27: =H5*'1_Исходные данные'!$I$9*'1_Исходные данные'!$I$8*B27/10^6 | G27: =E27-D27 | H27: =(E27/D27-1)*100 | I27: =(I5-1)*100 | J27: =IF(G27<='1_Исходные данные'!$I$15,"да","нет") | K27: =IF(E27<F27,"да","нет") | L27: =IF(AND(H27>=I27-0.01,J27="да",K27="да"),"ОК","проверить")
B28: =C6 | C28: =E15 | D28: =G6*'1_Исходные данные'!$I$9*'1_Исходные данные'!$I$8*B28/10^6 | E28: =C28*'1_Исходные данные'!$I$9*'1_Исходные данные'!$I$8*B28/10^6 | F28: =H6*'1_Исходные данные'!$I$9*'1_Исходные данные'!$I$8*B28/10^6 | G28: =E28-D28 | H28: =(E28/D28-1)*100 | I28: =(I6-1)*100 | J28: =IF(G28<='1_Исходные данные'!$I$15,"да","нет") | K28: =IF(E28<F28,"да","нет") | L28: =IF(AND(H28>=I28-0.01,J28="да",K28="да"),"ОК","проверить")
B29: =C7 | C29: =E16 | D29: =G7*'1_Исходные данные'!$I$9*'1_Исходные данные'!$I$8*B29/10^6 | E29: =C29*'1_Исходные данные'!$I$9*'1_Исходные данные'!$I$8*B29/10^6 | F29: =H7*'1_Исходные данные'!$I$9*'1_Исходные данные'!$I$8*B29/10^6 | G29: =E29-D29 | H29: =(E29/D29-1)*100 | I29: =(I7-1)*100 | J29: =IF(G29<='1_Исходные данные'!$I$15,"да","нет") | K29: =IF(E29<F29,"да","нет") | L29: =IF(AND(H29>=I29-0.01,J29="да",K29="да"),"ОК","проверить")
B30: =C8 | C30: =E16 | D30: =G8*'1_Исходные данные'!$I$9*'1_Исходные данные'!$I$8*B30/10^6 | E30: =C30*'1_Исходные данные'!$I$9*'1_Исходные данные'!$I$8*B30/10^6 | F30: =H8*'1_Исходные данные'!$I$9*'1_Исходные данные'!$I$8*B30/10^6 | G30: =E30-D30 | H30: =(E30/D30-1)*100 | I30: =(I8-1)*100 | J30: =IF(G30<='1_Исходные данные'!$I$15,"да","нет") | K30: =IF(E30<F30,"да","нет") | L30: =IF(AND(H30>=I30-0.01,J30="да",K30="да"),"ОК","проверить")
B31: =C9 | C31: =E16 | D31: =G9*'1_Исходные данные'!$I$9*'1_Исходные данные'!$I$8*B31/10^6 | E31: =C31*'1_Исходные данные'!$I$9*'1_Исходные данные'!$I$8*B31/10^6 | F31: =H9*'1_Исходные данные'!$I$9*'1_Исходные данные'!$I$8*B31/10^6 | G31: =E31-D31 | H31: =(E31/D31-1)*100 | I31: =(I9-1)*100 | J31: =IF(G31<='1_Исходные данные'!$I$15,"да","нет") | K31: =IF(E31<F31,"да","нет") | L31: =IF(AND(H31>=I31-0.01,J31="да",K31="да"),"ОК","проверить")
B32: Репрессия в 1000–1200 м = 10 % (ровно норма), ниже 1200 м — больше 5 %; максимальное превышение над пластовым — у подошвы песчаника (1900 м) — не превышает 2,5 МПа.

Sheet 3_Колонны
B1: Число и глубины спуска обсадных колонн, интервалы цементирования
B4: Колонна | C4: кровля, м | D4: башмак, м | E4: Обоснование глубины спуска
B5: Кондуктор | C5: 0 | D5: ='1_Исходные данные'!$I$7+10 | E5: Перекрывает неустойчивые породы, склонные к поглощениям (0–250 м); башмак на 10 м ниже, в устойчивом алевролите.
B6: Промежуточная | C6: 0 | D6: ='1_Исходные данные'!C6 | E6: Изолирует интервал 0–1000 м (KFR min = 1,22) перед вскрытием песчаника с АВПД (требуется ρR = 1,40). Башмак — в подошве глин (непроницаемые породы) на границе с песчаником.
B7: Эксплуатационная | C7: 0 | D7: ='1_Исходные данные'!$I$5 | E7: До проектной глубины; Ø задан заданием (114,3 мм).
B9: Интервалы цементирования
B10: Колонна | C10: кровля цемента, м | D10: подошва, м | E10: Обоснование
B11: Кондуктор | C11: =0 | D11: =D5 | E11: ПБ п. 2.7.4.10: кондуктор цементируется до устья.
B12: Промежуточная | C12: =MAX(0,D5-'1_Исходные данные'!$I$13) | D12: =D6 | E12: ПБ п. 2.7.4.11: подъём над башмаком предыдущей ОК не менее 500 м (газовая скв.): 260 − 500 < 0 → до устья.
B13: Эксплуатационная | C13: =MAX(0,D6-'1_Исходные данные'!$I$13) | D13: =D7 | E13: ПБ п. 2.7.4.11: не менее 500 м над башмаком промежуточной (1000 м) → кровля цемента 500 м; перекрывает продуктивный известняк, проницаемый песчаник с АВПД; над кровлей продуктивного пласта (1900 м) 1400 м > 500 м.
B14: Высота цементного кольца эксплуатационной колонны, м | D14: =D13-C13
B15: Перекрытие с промежуточной колонной, м | D15: =D6-C13

Sheet 4_Диаметры (РФ)
B1: Расчёт диаметров долот и обсадных колонн (отечественная методика, снизу вверх)
B2: DB = dм + 2Δ → долото по ГОСТ 20692 ≥ DB; d пред. ОК ≥ DB + 2δ → ОК по ГОСТ 632-80
B4: Параметр | C4: обозн. | D4: Эксплуатационная | E4: Промежуточная | F4: Кондуктор
B5: Глубина спуска L, м | C5: L | D5: ='3_Колонны'!D7 | E5: ='3_Колонны'!D6 | F5: ='3_Колонны'!D5
B6: Требуемый внутр. диаметр d ≥ DB(след.) + 2δ, мм | C6: d min | D6: — | E6: =D14+2*'1_Исходные данные'!$I$14 | F6: =E14+2*'1_Исходные данные'!$I$14
B7: Наружный диаметр ОК D, мм | C7: D | D7: ='1_Исходные данные'!$I$6 | E7: {=MIN(IF('ГОСТ 632-80 (ОТТМ)'!$E$4:$E$77>=E6,'ГОСТ 632-80 (ОТТМ)'!$C$4:$C$77))} | F7: {=MIN(IF('ГОСТ 632-80 (ОТТМ)'!$E$4:$E$77>=F6,'ГОСТ 632-80 (ОТТМ)'!$C$4:$C$77))}
B8: Условный диаметр, мм | C8: Dусл | D8: =INDEX('ГОСТ 632-80 (ОТТМ)'!$B$4:$B$77,MATCH(D7,'ГОСТ 632-80 (ОТТМ)'!$C$4:$C$77,0)) | E8: =INDEX('ГОСТ 632-80 (ОТТМ)'!$B$4:$B$77,MATCH(E7,'ГОСТ 632-80 (ОТТМ)'!$C$4:$C$77,0)) | F8: =INDEX('ГОСТ 632-80 (ОТТМ)'!$B$4:$B$77,MATCH(F7,'ГОСТ 632-80 (ОТТМ)'!$C$4:$C$77,0))
B9: Толщина стенки s, мм (предварительно) | C9: s | D9: по расчёту на прочность | E9: 10.4 | F9: 8.9
B10: Внутренний диаметр d, мм | C10: d | D10: — | E10: =SUMIFS('ГОСТ 632-80 (ОТТМ)'!$E$4:$E$77,'ГОСТ 632-80 (ОТТМ)'!$C$4:$C$77,E7,'ГОСТ 632-80 (ОТТМ)'!$D$4:$D$77,E9) | F10: =SUMIFS('ГОСТ 632-80 (ОТТМ)'!$E$4:$E$77,'ГОСТ 632-80 (ОТТМ)'!$C$4:$C$77,F7,'ГОСТ 632-80 (ОТТМ)'!$D$4:$D$77,F9)
B11: Наружный диаметр муфты ОТТМ dм, мм | C11: dм | D11: =INDEX('ГОСТ 632-80 (ОТТМ)'!$F$4:$F$77,MATCH(D7,'ГОСТ 632-80 (ОТТМ)'!$C$4:$C$77,0)) | E11: =INDEX('ГОСТ 632-80 (ОТТМ)'!$F$4:$F$77,MATCH(E7,'ГОСТ 632-80 (ОТТМ)'!$C$4:$C$77,0)) | F11: =INDEX('ГОСТ 632-80 (ОТТМ)'!$F$4:$F$77,MATCH(F7,'ГОСТ 632-80 (ОТТМ)'!$C$4:$C$77,0))
B12: Минимальный радиальный зазор Δ, мм | C12: Δ | D12: {=MIN(IF('ГОСТ 632-80 (ОТТМ)'!$H$5:$H$9>=D8,'ГОСТ 632-80 (ОТТМ)'!$I$5:$I$9))} | E12: {=MIN(IF('ГОСТ 632-80 (ОТТМ)'!$H$5:$H$9>=E8,'ГОСТ 632-80 (ОТТМ)'!$I$5:$I$9))} | F12: {=MIN(IF('ГОСТ 632-80 (ОТТМ)'!$H$5:$H$9>=F8,'ГОСТ 632-80 (ОТТМ)'!$I$5:$I$9))}
B13: Расчётный диаметр долота DB = dм + 2Δ, мм | C13: DB расч | D13: =D11+2*D12 | E13: =E11+2*E12 | F13: =F11+2*F12
B14: Диаметр долота по ГОСТ 20692 (≥ DB расч), мм | C14: DB | D14: {=MIN(IF('ГОСТ 20692-2003 (долота)'!$B$4:$B$45>=D13,'ГОСТ 20692-2003 (долота)'!$B$4:$B$45))} | E14: {=MIN(IF('ГОСТ 20692-2003 (долота)'!$B$4:$B$45>=E13,'ГОСТ 20692-2003 (долота)'!$B$4:$B$45))} | F14: {=MIN(IF('ГОСТ 20692-2003 (долота)'!$B$4:$B$45>=F13,'ГОСТ 20692-2003 (долота)'!$B$4:$B$45))}
B15: Фактический радиальный зазор (DB − dм)/2, мм | C15: Δ факт | D15: =(D14-D11)/2 | E15: =(E14-E11)/2 | F15: =(F14-F11)/2
B16: Фактический зазор δ для долота след. интервала, мм | C16: δ факт | D16: — | E16: =(E10-D14)/2 | F16: =(F10-E14)/2
B18: Итог (отечественная методика)
B19: ="Эксплуатационная "&FIXED(D7,1)&" мм — долото "&FIXED(D14,1)&" мм; L = "&D5&" м"
B20: ="Промежуточная "&FIXED(E7,1)&" мм — долото "&FIXED(E14,1)&" мм; L = "&E5&" м"
B21: ="Кондуктор "&FIXED(F7,1)&" мм — долото "&FIXED(F14,1)&" мм; L = "&F5&" м"
B23: Примечания: 1) муфты — ОТТМ (трапецеидальная резьба, лучше герметичность для газовой скважины); 2) толщины стенок предварительные — окончательно по расчёту на прочность; для промежуточной допустимы s = 6,9…10,4 мм (d ≥ 156 мм), для кондуктора — любая из таблицы (d ≥ 232,3 мм); 3) ОК 244,5 мм для кондуктора не подходит: её наибольший d = 228,7 мм < 232,3 мм.

Sheet 5_Зарубежная методика
B1: Подбор по зарубежной методике (схема С01, стр. 17–18, стандартный зазор) и сравнение
B4: Колонна | C4: ОК, дюйм | D4: ОК, мм | E4: долото, дюйм | F4: долото, мм | G4: ОК РФ, мм | H4: долото РФ, мм | I4: разница долот, мм | J4: Δ факт = (Dдол − dм)/2
B5: Эксплуатационная | C5: 4 1/2" | D5: 114.3 | E5: 6" | F5: 152.4 | G5: ='4_Диаметры (РФ)'!D7 | H5: ='4_Диаметры (РФ)'!D14 | I5: =F5-H5 | J5: =(F5-INDEX('ГОСТ 632-80 (ОТТМ)'!$F$4:$F$77,MATCH(D5,'ГОСТ 632-80 (ОТТМ)'!$C$4:$C$77,0)))/2
B6: Промежуточная | C6: 7" | D6: 177.8 | E6: 8 1/2" | F6: 215.9 | G6: ='4_Диаметры (РФ)'!E7 | H6: ='4_Диаметры (РФ)'!E14 | I6: =F6-H6 | J6: =(F6-INDEX('ГОСТ 632-80 (ОТТМ)'!$F$4:$F$77,MATCH(D6,'ГОСТ 632-80 (ОТТМ)'!$C$4:$C$77,0)))/2
B7: Кондуктор | C7: 9 5/8" | D7: 244.5 | E7: 12 1/4" | F7: 311.2 | G7: ='4_Диаметры (РФ)'!F7 | H7: ='4_Диаметры (РФ)'!F14 | I7: =F7-H7 | J7: =(F7-INDEX('ГОСТ 632-80 (ОТТМ)'!$F$4:$F$77,MATCH(D7,'ГОСТ 632-80 (ОТТМ)'!$C$4:$C$77,0)))/2
B9: Проверка зарубежного варианта по отечественным нормам
B10: Колонна | C10: Δ треб., мм | D10: Δ факт, мм | E10: соответствует? | F10: долото есть в ГОСТ 20692?
B11: =B5 | C11: {=MIN(IF('ГОСТ 632-80 (ОТТМ)'!$H$5:$H$9>=INDEX('ГОСТ 632-80 (ОТТМ)'!$B$4:$B$77,MATCH(D5,'ГОСТ 632-80 (ОТТМ)'!$C$4:$C$77,0)),'ГОСТ 632-80 (ОТТМ)'!$I$5:$I$9))} | D11: =J5 | E11: =IF(D11>=C11,"да","нет (Δ меньше нормы)") | F11: нет (ближайшие 151,0 и 161,0)
B12: =B6 | C12: {=MIN(IF('ГОСТ 632-80 (ОТТМ)'!$H$5:$H$9>=INDEX('ГОСТ 632-80 (ОТТМ)'!$B$4:$B$77,MATCH(D6,'ГОСТ 632-80 (ОТТМ)'!$C$4:$C$77,0)),'ГОСТ 632-80 (ОТТМ)'!$I$5:$I$9))} | D12: =J6 | E12: =IF(D12>=C12,"да","нет (Δ меньше нормы)") | F12: да
B13: =B7 | C13: {=MIN(IF('ГОСТ 632-80 (ОТТМ)'!$H$5:$H$9>=INDEX('ГОСТ 632-80 (ОТТМ)'!$B$4:$B$77,MATCH(D7,'ГОСТ 632-80 (ОТТМ)'!$C$4:$C$77,0)),'ГОСТ 632-80 (ОТТМ)'!$I$5:$I$9))} | D13: =J7 | E13: =IF(D13>=C13,"да","нет (Δ меньше нормы)") | F13: да (311,1)
B15: Альтернатива по схеме: долото 8 3/4" (222,3 мм) под ОК 7" → ОК 10 3/4" (273,1 мм) → долото 14 1/2" (368,3 мм) станд. / 12 1/2" (317,5 мм) малый зазор.
B16: Вывод: Ø эксплуатационной и промежуточной колонн совпадают (114,3 и 177,8 мм). Зарубежная методика допускает меньший зазор под 7" колонну (долото 215,9 вместо 222,3 мм), поэтому кондуктор получается 244,5 мм вместо 273,1 мм (долото 311,2 вместо 349,2 мм).

Sheet ГОСТ 632-80 (ОТТМ)
B1: Трубы обсадные ОТТМ и муфты (ГОСТ 632-80), мм
B3: условный Ø | C3: D | D3: s | E3: d | F3: Dн муфты | H3: Минимальный радиальный зазор Δ (семинар 1)
B4: 114 | C4: 114.3 | D4: 6.4 | E4: 101.5 | F4: 127 | H4: условный Ø до | I4: Δ, мм
B5: 114 | C5: 114.3 | D5: 7.4 | E5: 99.5 | F5: 127 | H5: 127 | I5: 8
B6: 114 | C6: 114.3 | D6: 8.6 | E6: 97.1 | F6: 127 | H6: 146 | I6: 10
B7: 114 | C7: 114.3 | D7: 10.2 | E7: 93.9 | F7: 127 | H7: 245 | I7: 13
B8: 127 | C8: 127 | D8: 6.4 | E8: 114.2 | F8: 141.3 | H8: 299 | I8: 18
B9: 127 | C9: 127 | D9: 7.5 | E9: 112 | F9: 141.3 | H9: 426 | I9: 22
B10: 127 | C10: 127 | D10: 9.2 | E10: 108.6 | F10: 141.3
B11: 127 | C11: 127 | D11: 10.7 | E11: 105.6 | F11: 141.3 | H11: Опечатки исходного docx исправлены по d = D − 2s.
B12: 140 | C12: 139.7 | D12: 6.2 | E12: 127.3 | F12: 153.7
B13: 140 | C13: 139.7 | D13: 7 | E13: 125.7 | F13: 153.7
B14: 140 | C14: 139.7 | D14: 7.7 | E14: 124.3 | F14: 153.7
B15: 140 | C15: 139.7 | D15: 9.2 | E15: 121.3 | F15: 153.7
B16: 140 | C16: 139.7 | D16: 10.5 | E16: 118.7 | F16: 153.7
B17: 146 | C17: 146.1 | D17: 6.5 | E17: 133.1 | F17: 166
B18: 146 | C18: 146.1 | D18: 7 | E18: 132.1 | F18: 166
B19: 146 | C19: 146.1 | D19: 7.7 | E19: 130.7 | F19: 166
B20: 146 | C20: 146.1 | D20: 8.5 | E20: 129.1 | F20: 166
B21: 146 | C21: 146.1 | D21: 9.5 | E21: 127.1 | F21: 166
B22: 146 | C22: 146.1 | D22: 10.7 | E22: 124.7 | F22: 166
B23: 168 | C23: 168.3 | D23: 7.3 | E23: 153.7 | F23: 187.7
... B77: 340 | C77: 339.7 | D77: 15.4 | E77: 308.9 | F77: 365.1

Sheet ГОСТ 20692-2003 (долота)
B1: Ряд диаметров шарошечных долот, мм
B3: D долота
B4: 76
B5: 93
B6: 95.3
B7: 98.4
B8: 114.3
B9: 117.5
B10: 120.6
B11: 127
B12: 130.2
B13: 132
B14: 139.7
B15: 146
... B45: 508
